<!DOCTYPE tiles-definitions PUBLIC
   "-//Apache Software Foundation//DTD Tiles Configuration 3.0//EN"
   "http://tiles.apache.org/dtds/tiles-config_3_0.dtd">
<tiles-definitions>
    <definition name="template-def" template="/WEB-INF/views/layouts/defaultLayout.jsp">  
        <put-attribute name="title" value="Vema High Schools" />  
        <put-attribute name="header"
           value="/WEB-INF/views/pages/secured/common/header.jsp" />  
        <put-attribute name="menu"
           value="/WEB-INF/views/pages/secured/common/menu.jsp" />  
        <put-attribute name="body" value="" />  
        <put-attribute name="footer"
           value="/WEB-INF/views/pages/secured/common/footer.jsp" />  
    </definition>  
    <definition name="home" extends="template-def">  
        <put-attribute name="title" value="Welcome" />  
        <put-attribute name="body"	value="/WEB-INF/views/pages/secured/home/home.jsp" />   
    </definition>  
    <definition name="login" extends="template-def">  
        <put-attribute name="title" value="Vema High Schools-Login" />  
        <put-attribute name="body"	value="/WEB-INF/views/pages/public/login/login.jsp" />   
    </definition>
    <definition name="index" extends="template-def">  
        <put-attribute name="title" value="Vema High Schools-Login" />  
        <put-attribute name="body"	value="/WEB-INF/views/pages/secured/home/home.jsp" />   
    </definition>  
</tiles-definitions>